id,kingdom,phylum,class,order,family,genus,species,kingdom_id,phylum_id,class_id,order_id,family_id,genus_id,species_id
15236718730631297288,Animalia,Chordata,Mammalia,Primates,Hominidae,Homo,Homo sapiens,1,44,359,798,5483,2436435,2436436
17500025009072997685,Animalia,Chordata,Mammalia,Carnivora,Felidae,Felis,Felis catus,1,44,359,732,9703,2435022,2435035
2384228911762742106,Animalia,Chordata,Mammalia,Chiroptera,Rhinolophidae,Rhinolophus,Rhinolophus sinicus,1,44,359,734,5449,2432611,7261959
8101532835283624427,Animalia,Chordata,Mammalia,Chiroptera,Rhinolophidae,Rhinolophus,Rhinolophus ferrumequinum,1,44,359,734,5449,2432611,2432655
9323804083409474753,Animalia,Chordata,Mammalia,Chiroptera,Hipposideridae,Aselliscus,Aselliscus stoliczkanus,1,44,359,734,3239753,2432597,2432598
15616981127742367296,Animalia,Chordata,Mammalia,Carnivora,Canidae,Canis,Canis lupus,1,44,359,732,9701,5219142,5219173
13920813138170975403,Animalia,Chordata,Mammalia,Rodentia,Muridae,Mus,Mus musculus,1,44,359,1459,5510,9800657,7429082
4338476777822611425,Animalia,Chordata,Mammalia,Primates,Cercopithecidae,Chlorocebus,Chlorocebus aethiops,1,44,359,798,9622,2436565,2436566
316342739647845479,Animalia,Chordata,Mammalia,Carnivora,Mustelidae,Neovison,Neovison vison,1,44,359,732,5307,2433650,2433652
17021704621061890107,Animalia,Chordata,Mammalia,Primates,Hominidae,Homo,Homo sapiens,1,44,359,798,5483,2436435,2436436
10939010728851727489,Animalia,Chordata,Mammalia,Chiroptera,Rhinolophidae,Rhinolophus,,1,44,359,734,5449,2432611,
9239015377418233531,Animalia,Chordata,Mammalia,Artiodactyla,Camelidae,Vicugna,Vicugna pacos,1,44,359,731,5716,7673372,7515593
762625969328012558,Animalia,Chordata,Aves,Galliformes,Phasianidae,Gallus,Gallus gallus,1,44,212,723,9331,2473720,9326020
13613922430844779827,Animalia,Chordata,Mammalia,Lagomorpha,Leporidae,Oryctolagus,Oryctolagus cuniculus,1,44,359,785,9379,2436939,2436940
760859451938248213,Animalia,Chordata,Mammalia,Artiodactyla,Cervidae,Hydropotes,Hydropotes inermis,1,44,359,731,5298,2440930,2440931
4640020821290331425,Animalia,Chordata,Mammalia,Chiroptera,Hipposideridae,Hipposideros,Hipposideros abae,1,44,359,734,3239753,5218553,5218580
17346623571520827674,Animalia,Chordata,Mammalia,Chiroptera,Rhinolophidae,Rhinolophus,Rhinolophus ferrumequinum,1,44,359,734,5449,2432611,2432655
2732473171831956755,Animalia,Chordata,Aves,Anseriformes,Anatidae,Branta,Branta canadensis,1,44,212,1108,2986,2498190,5232437
427673642480100683,Animalia,Chordata,Mammalia,Cetacea,Monodontidae,Delphinapterus,Delphinapterus leucas,1,44,359,733,5445,2440356,5220003
13825874037995322423,Animalia,Chordata,Mammalia,Artiodactyla,Bovidae,Bos,Bos taurus,1,44,359,731,9614,2441017,2441022
14783415585967148970,Animalia,Chordata,Mammalia,Chiroptera,Vespertilionidae,Neoromicia,Neoromicia capensis,1,44,359,734,9368,4265901,4265910
13423616906585988646,Animalia,Chordata,Mammalia,Chiroptera,Rhinolophidae,Rhinolophus,Rhinolophus affinis,1,44,359,734,5449,2432611,2432641
3863833269523468172,Animalia,Chordata,Mammalia,Chiroptera,Rhinolophidae,Rhinolophus,Rhinolophus macrotis,1,44,359,734,5449,2432611,2432652
2450857368294566252,Animalia,Chordata,Mammalia,Artiodactyla,Camelidae,Camelus,Camelus dromedarius,1,44,359,731,5716,2441236,9055455
15987056123262305162,Animalia,Chordata,Mammalia,Chiroptera,Vespertilionidae,Myotis,Myotis lucifugus,1,44,359,734,9368,2432384,2432406
15589125196255216866,Animalia,Chordata,Mammalia,Chiroptera,Molossidae,Chaerephon,Chaerephon plicatus,1,44,359,734,5719,2433028,5707214
9845291818054307514,Animalia,Chordata,Mammalia,Chiroptera,Rhinolophidae,Rhinolophus,Rhinolophus pusillus,1,44,359,734,5449,2432611,2432639
10829538496678631029,Animalia,Chordata,Mammalia,Perissodactyla,Equidae,Equus,Equus caballus,1,44,359,795,5479,8652950,2440886
2082560565776057915,Animalia,Chordata,Mammalia,Chiroptera,Hipposideridae,Hipposideros,Hipposideros ruber,1,44,359,734,3239753,5218553,5218556
1423676375323014939,Animalia,Chordata,Mammalia,Chiroptera,Vespertilionidae,Myotis,Myotis lucifugus,1,44,359,734,9368,2432384,2432406
6390226851006739506,Animalia,Chordata,Mammalia,Primates,Hominidae,Pan,Pan troglodytes,1,44,359,798,5483,2436437,5219534
8755153231162669563,Animalia,Chordata,Mammalia,Chiroptera,Pteropodidae,Rousettus,,1,44,359,734,9367,2432946,
15289463215514944982,Animalia,Chordata,Mammalia,Carnivora,Mustelidae,Mustela,Mustela putorius,1,44,359,732,5307,2433922,5218911
6933196425754321417,Animalia,Chordata,Mammalia,Rodentia,Muridae,Rattus,,1,44,359,1459,5510,2439223,
6974027370224897847,Animalia,Chordata,Mammalia,Artiodactyla,Bovidae,Bubalus,Bubalus bubalis,1,44,359,731,9614,8166441,7422937
13337880784824644145,Animalia,Chordata,Mammalia,Erinaceomorpha,Erinaceidae,Erinaceus,Erinaceus europaeus,1,44,359,829,5722,8216553,5219616
926325113831622981,Animalia,Chordata,Mammalia,Chiroptera,Vespertilionidae,Hypsugo,Hypsugo savii,1,44,359,734,9368,4266275,7261861
9183359991522703136,Animalia,Chordata,Mammalia,Chiroptera,Hipposideridae,Hipposideros,Hipposideros commersonii,1,44,359,734,3239753,5218553,7575182
13756339330631229571,Animalia,Chordata,Mammalia,Chiroptera,Rhinolophidae,Rhinolophus,Rhinolophus monoceros,1,44,359,734,5449,2432611,2432646
12121329666640043608,Animalia,Chordata,Mammalia,Chiroptera,Rhinolophidae,Rhinolophus,Rhinolophus rex,1,44,359,734,5449,2432611,2432619
14490434882770088295,Animalia,Chordata,Mammalia,Soricomorpha,Soricidae,Suncus,Suncus murinus,1,44,359,803,5534,2435504,2435520
11141121702516692924,Animalia,Chordata,Mammalia,Rodentia,Muridae,Apodemus,Apodemus chevrieri,1,44,359,1459,5510,2437754,5219743
16641637625697154679,Animalia,Chordata,Mammalia,Rodentia,Muridae,Rattus,Rattus losea,1,44,359,1459,5510,2439223,2439258
6202050038515583751,Animalia,Chordata,Mammalia,Rodentia,Muridae,Rattus,Rattus tanezumi,1,44,359,1459,5510,2439223,2439262
3938312735928470635,Animalia,Chordata,Mammalia,Rodentia,Muridae,Rattus,Rattus norvegicus,1,44,359,1459,5510,2439223,2439261
12307384853194238513,Animalia,Chordata,Mammalia,Chiroptera,Vespertilionidae,Pipistrellus,Pipistrellus kuhlii,1,44,359,734,9368,2432218,5218464
3932230261418657718,Animalia,Chordata,Mammalia,Rodentia,Muridae,Niviventer,Niviventer confucianus,1,44,359,1459,5510,2439046,2439057
9715253923987767688,Animalia,Chordata,Mammalia,Rodentia,Muridae,Apodemus,Apodemus agrarius,1,44,359,1459,5510,2437754,2437761
12915093090529364221,Animalia,Chordata,Mammalia,Chiroptera,Vespertilionidae,Myotis,Myotis davidii,1,44,359,734,9368,2432384,4266349
5199393673368160755,Animalia,Chordata,Mammalia,Chiroptera,Miniopteridae,Miniopterus,Miniopterus schreibersii,1,44,359,734,7456382,2432501,9796816
10911318611350321684,Animalia,Chordata,Mammalia,Chiroptera,Vespertilionidae,Murina,Murina leucogaster,1,44,359,734,9368,2432317,2432330
14991177508256766113,Animalia,Chordata,Mammalia,Chiroptera,Vespertilionidae,Pipistrellus,Pipistrellus hesperidus,1,44,359,734,9368,2432218,7261836
10593643822463405092,Animalia,Chordata,Mammalia,Chiroptera,Miniopteridae,Miniopterus,,1,44,359,734,7456382,2432501,
6723009671609849344,Animalia,Chordata,Mammalia,Artiodactyla,Bovidae,,,1,44,359,731,9614,,
6335099436859279378,Animalia,Chordata,Mammalia,Chiroptera,Pteropodidae,Rousettus,Rousettus aegyptiacus,1,44,359,734,9367,2432946,2432953
5686926926842332270,Animalia,Chordata,Mammalia,Chiroptera,Vespertilionidae,Scotophilus,Scotophilus kuhlii,1,44,359,734,9368,2432565,5218528
5351062899566437610,Animalia,Chordata,Mammalia,Chiroptera,Vespertilionidae,Pipistrellus,Pipistrellus coromandra,1,44,359,734,9368,2432218,5218458
8909255670646933250,Animalia,Chordata,Mammalia,Chiroptera,Pteropodidae,Macroglossus,,1,44,359,734,9367,2432780,
4789469617780906210,Animalia,Chordata,Mammalia,Chiroptera,Miniopteridae,Miniopterus,Miniopterus magnater,1,44,359,734,7456382,2432501,2432503
5270549950094808986,Animalia,Chordata,Mammalia,Chiroptera,Vespertilionidae,Pipistrellus,Pipistrellus pipistrellus,1,44,359,734,9368,2432218,5218465
8693329198422119433,Animalia,Chordata,Mammalia,Chiroptera,Hipposideridae,Hipposideros,Hipposideros pratti,1,44,359,734,3239753,5218553,5218579
4372241402583008260,Animalia,Chordata,Mammalia,Chiroptera,Vespertilionidae,Tylonycteris,Tylonycteris pachypus,1,44,359,734,9368,2432342,2432343
15070745585227743505,Animalia,Chordata,Mammalia,Chiroptera,Miniopteridae,Miniopterus,Miniopterus fuliginosus,1,44,359,734,7456382,2432501,5787699
5656967653139552257,Animalia,Chordata,Mammalia,Chiroptera,Pteropodidae,Eidolon,Eidolon helvum,1,44,359,734,9367,2432849,2432851
14140104799522716417,Animalia,Chordata,Mammalia,Chiroptera,Hipposideridae,Hipposideros,Hipposideros larvatus,1,44,359,734,3239753,5218553,5218600
8797003870257218225,Animalia,Chordata,Mammalia,Chiroptera,Pteropodidae,Eonycteris,Eonycteris spelaea,1,44,359,734,9367,2432966,2432968
16463476002226016793,Animalia,Chordata,Mammalia,Chiroptera,Pteropodidae,Rousettus,Rousettus amplexicaudatus,1,44,359,734,9367,2432946,2432948
2690714490265037560,Animalia,Chordata,Mammalia,Chiroptera,Pteropodidae,Rousettus,Rousettus leschenaultii,1,44,359,734,9367,2432946,7261759
11526475832404428424,Animalia,Chordata,Mammalia,Chiroptera,Pteropodidae,Rousettus,Rousettus leschenaultii,1,44,359,734,9367,2432946,7261759
12598098096389393917,Animalia,Chordata,Aves,Galliformes,Phasianidae,Meleagris,Meleagris gallopavo,1,44,212,723,9331,2473548,9606290
13933262663562513268,Animalia,Arthropoda,Insecta,Hymenoptera,Pteromalidae,Guinea,,1,54,216,1457,9447,5789738,
16972462696132634602,Animalia,Chordata,Aves,Charadriiformes,Scolopacidae,Calidris,Calidris fuscicollis,1,44,212,7192402,5282,2481739,2481756
16516072752350628755,Animalia,Chordata,Aves,Charadriiformes,Scolopacidae,Calidris,Calidris alba,1,44,212,7192402,5282,2481739,2481748
7615899509037412344,Animalia,Chordata,Mammalia,Carnivora,Canidae,Canis,Canis mesomelas,1,44,359,732,9701,5219142,5219216
482477665118984058,Animalia,Chordata,Mammalia,Carnivora,Hyaenidae,Crocuta,Crocuta crocuta,1,44,359,732,5306,2433504,5218781
15712072445696321302,Animalia,Chordata,Mammalia,Chiroptera,Molossidae,Chaerephon,Chaerephon pumilus,1,44,359,734,5719,2433028,5707216
3512077897796063227,Animalia,Chordata,Mammalia,Chiroptera,Miniopteridae,Miniopterus,Miniopterus inflatus,1,44,359,734,7456382,2432501,2432507
7404402373457883068,Animalia,Chordata,Mammalia,Chiroptera,Miniopteridae,Miniopterus,Miniopterus natalensis,1,44,359,734,7456382,2432501,7261853
13740152882872249877,Animalia,Chordata,Mammalia,Chiroptera,Molossidae,Chaerephon,,1,44,359,734,5719,2433028,
6237131009234163871,Animalia,Chordata,Mammalia,Chiroptera,Miniopteridae,Miniopterus,Miniopterus schreibersii,1,44,359,734,7456382,2432501,9796816
14517484712212458369,Animalia,Chordata,Aves,Psittaciformes,Psittacidae,Amazona,Amazona vinacea,1,44,212,1445,9340,2479603,2479617
1967723787663952330,Animalia,Chordata,Aves,Accipitriformes,Cathartidae,Coragyps,Coragyps atratus,1,44,212,7191147,3242141,2481941,2481942
6594725923798952793,Animalia,Chordata,Aves,Strigiformes,Strigidae,Megascops,Megascops choliba,1,44,212,1450,9348,2497318,2497365
10140609395159938103,Animalia,Chordata,Aves,Passeriformes,Tyrannidae,Pitangus,Pitangus sulphuratus,1,44,212,729,5291,2482750,2482755
15807991478813390161,Animalia,Chordata,Aves,Falconiformes,Falconidae,Caracara,Caracara plancus,1,44,212,7191407,5240,2480984,2480989
5274302824906038864,Animalia,Chordata,Aves,Accipitriformes,Accipitridae,Rupornis,Rupornis magnirostris,1,44,212,7191147,2877,4850093,5844398
6939957685943758875,Animalia,Chordata,Aves,Piciformes,Picidae,Colaptes,Colaptes campestris,1,44,212,724,9333,2478232,2478233
4562873972905057821,Animalia,Chordata,Aves,Strigiformes,Strigidae,Pseudoscops,Pseudoscops clamator,1,44,212,1450,9348,2497773,2497774
4242903715732239865,Animalia,Chordata,Aves,Passeriformes,Cotingidae,Pyroderus,Pyroderus scutatus,1,44,212,729,5236,2486242,2486243
146665829412723579,Animalia,Chordata,Aves,Columbiformes,Columbidae,Columba,Columba livia,1,44,212,1446,5233,2495404,2495414
10630644824631027683,Animalia,Chordata,Mammalia,Carnivora,Canidae,Canis,Canis lupus,1,44,359,732,9701,5219142,5219173
11583860330174228669,Animalia,Chordata,Mammalia,Primates,Hominidae,Homo,Homo sapiens,1,44,359,798,5483,2436435,2436436
12846456525881152685,Animalia,Chordata,Mammalia,Chiroptera,Mystacinidae,Mystacina,Mystacina tuberculata,1,44,359,734,5720,2433345,2433346
4186062889369206127,Animalia,Chordata,Aves,Anseriformes,Anatidae,Anas,Anas platyrhynchos,1,44,212,1108,2986,2498056,9761484
11858271775760901141,Animalia,Chordata,Mammalia,Chiroptera,Vespertilionidae,Myotis,Myotis ricketti,1,44,359,734,9368,2432384,2432410
10782632002310639100,Animalia,Chordata,Mammalia,Carnivora,Felidae,Leopardus,Leopardus pardalis,1,44,359,732,9703,2434918,2434982
4582742286264830252,Animalia,Chordata,Mammalia,Carnivora,Felidae,Puma,Puma yagouaroundi,1,44,359,732,9703,2435098,2435146
16719410116424461834,Animalia,Chordata,Mammalia,Chiroptera,Pteropodidae,Cynopterus,Cynopterus brachyotis,1,44,359,734,9367,2432832,2432837
16234594815524680253,Animalia,Chordata,Mammalia,Carnivora,Felidae,Felis,Felis catus,1,44,359,732,9703,2435022,2435035
9248250681997490047,Animalia,Chordata,Mammalia,Artiodactyla,Suidae,Sus,Sus scrofa,1,44,359,731,5302,2441213,7705930
706478647997802910,Animalia,Chordata,Mammalia,Chiroptera,Rhinolophidae,Rhinolophus,Rhinolophus pearsonii,1,44,359,734,5449,2432611,2432658
13745530027146701921,Animalia,Chordata,Mammalia,Chiroptera,Rhinolophidae,Rhinolophus,Rhinolophus thomasi,1,44,359,734,5449,2432611,2432660
18378825938602843618,Animalia,Chordata,Mammalia,Chiroptera,Hipposideridae,Hipposideros,Hipposideros galeritus,1,44,359,734,3239753,5218553,5218606
15055139260913362101,Animalia,Chordata,Mammalia,Chiroptera,Rhinolophidae,Rhinolophus,Rhinolophus creaghi,1,44,359,734,5449,2432611,2432617
4873952724418088588,Animalia,Chordata,Mammalia,Chiroptera,Hipposideridae,Hipposideros,Hipposideros diadema,1,44,359,734,3239753,5218553,5218566
15313911469422891636,Animalia,Chordata,Mammalia,Chiroptera,Pteropodidae,Dyacopterus,Dyacopterus spadiceus,1,44,359,734,9367,2432775,2432776
6662488877683100400,Animalia,Chordata,Mammalia,Chiroptera,Pteropodidae,Cynopterus,Cynopterus horsfieldii,1,44,359,734,9367,2432832,7261747
1812850457746956619,Animalia,Chordata,Mammalia,Chiroptera,Hipposideridae,Hipposideros,Hipposideros bicolor,1,44,359,734,3239753,5218553,5218592
834202545974180349,Animalia,Chordata,Mammalia,Chiroptera,Pteropodidae,Cynopterus,Cynopterus brachyotis,1,44,359,734,9367,2432832,2432837
10293056982752364158,Animalia,Chordata,Mammalia,Pholidota,Manidae,Manis,Manis javanica,1,44,359,796,5480,2437177,5219628
14723479336955251286,Animalia,Chordata,Mammalia,Artiodactyla,Camelidae,Lama,Lama glama,1,44,359,731,5716,2441239,5220190
675267704653616924,Animalia,Chordata,Mammalia,Chiroptera,Hipposideridae,Hipposideros,Hipposideros caffer,1,44,359,734,3239753,5218553,5218575
4353343981489115250,Animalia,Chordata,Mammalia,Chiroptera,Pteropodidae,Megaloglossus,Megaloglossus woermanni,1,44,359,734,9367,2432798,2432799
2894920228066107880,Animalia,Chordata,Mammalia,Chiroptera,Pteropodidae,Cynopterus,,1,44,359,734,9367,2432832,
8391297745917749908,Animalia,Chordata,Mammalia,Chiroptera,Hipposideridae,Hipposideros,Hipposideros gigas,1,44,359,734,3239753,5218553,5706915
10394936550807860426,Animalia,Chordata,Mammalia,Chiroptera,Hipposideridae,Triaenops,Triaenops persicus,1,44,359,734,3239753,2432680,2432682
7910307188313101150,Animalia,Chordata,Mammalia,Chiroptera,Hipposideridae,Triaenops,Triaenops afer,1,44,359,734,3239753,2432680,8094400
16633721951901329353,Animalia,Chordata,Mammalia,Chiroptera,Phyllostomidae,Sturnira,Sturnira erythromos,1,44,359,734,9366,2433322,2433324
9159483330770754022,Animalia,Chordata,Mammalia,Soricomorpha,Soricidae,Crocidura,,1,44,359,803,5534,2435528,
16542972649021344527,Animalia,Chordata,Mammalia,Chiroptera,Pteropodidae,Pteropus,Pteropus giganteus,1,44,359,734,9367,2432854,5218642
14382609961620089322,Animalia,Chordata,Mammalia,Rodentia,Muridae,Mastomys,,1,44,359,1459,5510,2438904,
11792582416017266335,Animalia,Chordata,Mammalia,Chiroptera,,,,1,44,359,734,,,
2667837139407547306,Animalia,Chordata,Mammalia,Chiroptera,Rhinolophidae,Rhinolophus,Rhinolophus clivosus,1,44,359,734,5449,2432611,2432669
10614460345651054222,Animalia,Chordata,Mammalia,Rodentia,Muridae,Mus,Mus bufo,1,44,359,1459,5510,9800657,2438788
11502317009770866114,Animalia,Chordata,Mammalia,Chiroptera,Hipposideridae,Hipposideros,,1,44,359,734,3239753,5218553,
5490540989225893744,Animalia,Chordata,Mammalia,Chiroptera,Phyllostomidae,Artibeus,Artibeus obscurus,1,44,359,734,9366,2433258,2433259
9453842774807480956,Animalia,Chordata,Mammalia,Chiroptera,Mormoopidae,Pteronotus,Pteronotus parnellii,1,44,359,734,9616,2432761,5218620
13740131781624417982,Animalia,Chordata,Mammalia,Chiroptera,Phyllostomidae,Anoura,Anoura caudifer,1,44,359,734,9366,5963037,5963040
5434808489297184405,Animalia,Chordata,Mammalia,Chiroptera,Phyllostomidae,Sturnira,Sturnira lilium,1,44,359,734,9366,2433322,2433327
1984732772149341506,Animalia,Chordata,Mammalia,Chiroptera,Phyllostomidae,Artibeus,Artibeus lituratus,1,44,359,734,9366,2433258,2433270
8680516339958440658,Animalia,Chordata,Mammalia,Chiroptera,Phyllostomidae,Glossophaga,Glossophaga soricina,1,44,359,734,9366,2433191,2433194
455350909581916377,Animalia,Chordata,Mammalia,Chiroptera,Phyllostomidae,Lichonycteris,Lichonycteris obscura,1,44,359,734,9366,2433252,2433253
7421888216222587676,Animalia,Chordata,Mammalia,Chiroptera,Rhinolophidae,Rhinolophus,Rhinolophus shameli,1,44,359,734,5449,2432611,2432623
11629237207217135722,Animalia,Chordata,Mammalia,Primates,Lorisidae,Nycticebus,Nycticebus pygmaeus,1,44,359,798,3239561,2436627,2436628
9432275153580512255,Animalia,Chordata,Mammalia,Chiroptera,Pteropodidae,Megaerops,Megaerops niphanae,1,44,359,734,9367,2432916,2432919
5884851672749365455,Animalia,Chordata,Mammalia,Chiroptera,Pteropodidae,Cynopterus,Cynopterus sphinx,1,44,359,734,9367,2432832,2432836
15867143257962073666,Animalia,Chordata,Mammalia,Rodentia,Muridae,Deomys,Deomys ferrugineus,1,44,359,1459,5510,2438900,2438901
9629069172339953447,Animalia,Chordata,Mammalia,Chiroptera,Rhinolophidae,Rhinolophus,Rhinolophus coelophyllus,1,44,359,734,5449,2432611,2432647
14150868021878652836,Animalia,Chordata,Mammalia,Chiroptera,Hipposideridae,Hipposideros,Hipposideros lekaguli,1,44,359,734,3239753,5218553,5218582
1135347049823228626,Animalia,Chordata,Mammalia,Rodentia,Muridae,Mus,Mus cervicolor,1,44,359,1459,5510,9800657,2438776
6909684444284772084,Animalia,Chordata,Mammalia,Chiroptera,Pteropodidae,Myonycteris,,1,44,359,734,9367,2432940,
9288999470750579696,Animalia,Chordata,Mammalia,Chiroptera,Molossidae,Tadarida,,1,44,359,734,5719,2433008,
4283350987613457017,Animalia,Chordata,Mammalia,Chiroptera,Phyllostomidae,Artibeus,Artibeus planirostris,1,44,359,734,9366,2433258,2433271
13374932740560429708,Animalia,Chordata,Mammalia,Soricomorpha,Soricidae,Crocidura,Crocidura attenuata,1,44,359,803,5534,2435528,2435537
4170182982551094714,Animalia,Chordata,Mammalia,Chiroptera,Vespertilionidae,Myotis,Myotis daubentonii,1,44,359,734,9368,2432384,2432439
10838134158746203203,Animalia,Chordata,Mammalia,Chiroptera,Vespertilionidae,Myotis,Myotis longipes,1,44,359,734,9368,2432384,2432467
15167320746957626052,Animalia,Chordata,Mammalia,Chiroptera,Vespertilionidae,Nyctalus,Nyctalus plancyi,1,44,359,734,9368,5218521,7261805
14907592854484263555,Animalia,Chordata,Mammalia,Chiroptera,Vespertilionidae,Myotis,Myotis myotis,1,44,359,734,9368,2432384,2432416
16665311979092907210,Animalia,Chordata,Mammalia,Chiroptera,Vespertilionidae,Scotophilus,Scotophilus dinganii,1,44,359,734,9368,2432565,5218529
7194319927627821720,Animalia,Chordata,Mammalia,Chiroptera,Phyllostomidae,Mesophylla,Mesophylla macconnelli,1,44,359,734,9366,2433197,5218756
2005578854229806303,Animalia,Chordata,Mammalia,Chiroptera,Pteropodidae,Pteropus,Pteropus alecto,1,44,359,734,9367,2432854,5218686
7303500450624262798,Animalia,Chordata,Mammalia,Chiroptera,Vespertilionidae,Scotophilus,Scotophilus leucogaster,1,44,359,734,9368,2432565,5218536
2508577404415357135,Animalia,Chordata,Mammalia,Chiroptera,Molossidae,Mops,Mops condylurus,1,44,359,734,5719,2433065,2433075
9128567300293999839,Animalia,Chordata,Mammalia,Chiroptera,Pteropodidae,Epomops,Epomops franqueti,1,44,359,734,9367,2432800,2432802
6242847282861648802,Animalia,Chordata,Mammalia,Chiroptera,Vespertilionidae,Scotophilus,Scotophilus nux,1,44,359,734,9368,2432565,5218537
802437161859042294,Animalia,Chordata,Mammalia,Carnivora,Canidae,Canis,Canis lupus,1,44,359,732,9701,5219142,5219173
7213291516633804589,Animalia,Chordata,Mammalia,Carnivora,Mustelidae,Mustela,Mustela putorius,1,44,359,732,5307,2433922,5218911
1197101184461794550,Animalia,Chordata,Mammalia,Artiodactyla,Bovidae,Bos,Bos taurus,1,44,359,731,9614,2441017,2441022
9303870358930265360,Animalia,Chordata,Mammalia,Perissodactyla,Equidae,Equus,Equus caballus,1,44,359,795,5479,8652950,2440886
2557908155954765357,Animalia,Chordata,Aves,Pelecaniformes,Ardeidae,Bubulcus,Bubulcus ibis,1,44,212,7190953,3685,2480829,2480830
8561134980464898840,Animalia,Chordata,Aves,Passeriformes,Corvidae,Corvus,Corvus splendens,1,44,212,729,5235,2482468,2482499
4292496249081553539,Animalia,Chordata,Aves,Anseriformes,Anatidae,Anas,Anas crecca,1,44,212,1108,2986,2498056,8214667
16619729960856048220,Animalia,Chordata,Aves,Passeriformes,Passeridae,Passer,Passer domesticus,1,44,212,729,5264,2492321,5231190
4676880651692170730,Animalia,Chordata,Mammalia,Chiroptera,Hipposideridae,Hipposideros,Hipposideros armiger,1,44,359,734,3239753,5218553,5218572
5817119651460587761,Animalia,Chordata,Mammalia,Chiroptera,Vespertilionidae,Eptesicus,Eptesicus fuscus,1,44,359,734,9368,2432345,2432352
17853179246411963102,Animalia,Chordata,Mammalia,Carnivora,Mustelidae,Melogale,Melogale moschata,1,44,359,732,5307,2433631,2433636
10682471499304042379,Animalia,Chordata,Mammalia,Chiroptera,Rhinolophidae,Rhinolophus,Rhinolophus euryale,1,44,359,734,5449,2432611,2432621
10753009651019208214,Animalia,Chordata,Mammalia,Carnivora,Phocidae,Phoca,Phoca vitulina,1,44,359,732,5310,2433485,2434793
17516570964014916564,Animalia,Chordata,Mammalia,Chiroptera,Miniopteridae,Miniopterus,Miniopterus australis,1,44,359,734,7456382,2432501,2432508
12110990768704757381,Animalia,Chordata,Mammalia,Chiroptera,Rhinolophidae,Rhinolophus,Rhinolophus megaphyllus,1,44,359,734,5449,2432611,2432622
13301282840345708473,Animalia,Chordata,Mammalia,Chiroptera,Vespertilionidae,Myotis,Myotis macropus,1,44,359,734,9368,2432384,4266391
3858767951754935088,Animalia,Chordata,Mammalia,Chiroptera,Hipposideridae,Rhinonicteris,Rhinonicteris aurantia,1,44,359,734,3239753,2432737,2432738
4816426932271920634,Animalia,Chordata,Mammalia,Chiroptera,Pteropodidae,Dobsonia,Dobsonia moluccensis,1,44,359,734,9367,2432820,2432822
6615401603819619822,Animalia,Chordata,Aves,Anseriformes,Anatidae,Anser,Anser fabalis,1,44,212,1108,2986,2498016,2498027
62803372857374484,Animalia,Chordata,Aves,Anseriformes,Anatidae,Anas,,1,44,212,1108,2986,2498056,
10879138467400464553,Animalia,Chordata,Aves,Anseriformes,Anatidae,Anser,,1,44,212,1108,2986,2498016,
6779272649920847793,Animalia,Chordata,Mammalia,Chiroptera,Rhinopomatidae,Rhinopoma,Rhinopoma hardwickii,1,44,359,734,5450,7353281,5707278
7248350394693940845,Animalia,Chordata,Mammalia,Chiroptera,Emballonuridae,Taphozous,Taphozous perforatus,1,44,359,734,9615,2433105,5218742
8180153647478870073,Animalia,Chordata,Mammalia,Chiroptera,Pteropodidae,Ptenochirus,Ptenochirus jagori,1,44,359,734,9367,2432846,2432847
17645900822644603396,Animalia,Chordata,Mammalia,Artiodactyla,Suidae,Sus,Sus scrofa,1,44,359,731,5302,2441213,7705930
4531063972886690722,Animalia,Chordata,Mammalia,Chiroptera,Vespertilionidae,Pipistrellus,Pipistrellus nathusii,1,44,359,734,9368,2432218,5218471
1299917250056793035,Animalia,Chordata,Mammalia,Chiroptera,Vespertilionidae,Pipistrellus,Pipistrellus pygmaeus,1,44,359,734,9368,2432218,5707150
16555968503199223530,Animalia,Chordata,Aves,Pelecaniformes,Ardeidae,Ardeola,Ardeola bacchus,1,44,212,7190953,3685,2480901,2480907
5244413501467465478,Animalia,Chordata,Aves,Anseriformes,Anatidae,Dendrocygna,Dendrocygna javanica,1,44,212,1108,2986,2498392,2498404
15461985480997714256,Animalia,Chordata,Aves,Anseriformes,Anatidae,Anas,Anas penelope,1,44,212,1108,2986,2498056,2498111
1174298220234719796,Animalia,Chordata,Aves,Anseriformes,Anatidae,Anas,Anas clypeata,1,44,212,1108,2986,2498056,2498089
814233047944543304,Animalia,Chordata,Aves,Pelecaniformes,Ardeidae,Ardea,Ardea cinerea,1,44,212,7190953,3685,2480922,9797180
8393909784067690565,Animalia,Chordata,Aves,Anseriformes,Anatidae,Anas,Anas acuta,1,44,212,1108,2986,2498056,2498112
7534303952044469480,Animalia,Chordata,Aves,Suliformes,Phalacrocoracidae,Phalacrocorax,Phalacrocorax carbo,1,44,212,7192775,5268,2481854,2481890
15110044925400724942,Animalia,Chordata,Aves,Anseriformes,Anatidae,Anas,Anas americana,1,44,212,1108,2986,2498056,2498154
3850488219520384804,Animalia,Chordata,Aves,Anseriformes,Anatidae,Aythya,Aythya fuligula,1,44,212,1108,2986,2498254,2498261
18439907906207381443,Animalia,Chordata,Aves,Pelecaniformes,Threskiornithidae,Platalea,Platalea minor,1,44,212,7190953,5288,2480798,2480805
13487502384711660467,Animalia,Chordata,Aves,Columbiformes,Columbidae,Columba,Columba livia,1,44,212,1446,5233,2495404,2495414
5232002147332206982,Animalia,Chordata,Aves,Anseriformes,Anatidae,Anser,Anser anser,1,44,212,1108,2986,2498016,2498036
1893420080797684490,Animalia,Chordata,Mammalia,Carnivora,Canidae,Canis,Canis lupus,1,44,359,732,9701,5219142,5219173
17683970449562154356,Animalia,Chordata,Mammalia,Chiroptera,Hipposideridae,Hipposideros,Hipposideros pomona,1,44,359,734,3239753,5218553,5218589
1815197485429698660,Animalia,Chordata,Mammalia,Chiroptera,Vespertilionidae,Pipistrellus,Pipistrellus abramus,1,44,359,734,9368,2432218,5707125
7452860300437807981,Animalia,Chordata,Mammalia,Chiroptera,Miniopteridae,Miniopterus,Miniopterus pusillus,1,44,359,734,7456382,2432501,2432506
16724390077040609626,Animalia,Chordata,Aves,Anseriformes,Anatidae,Anas,Anas bahamensis,1,44,212,1108,2986,2498056,2498090
3135706611006698101,Animalia,Chordata,Aves,Anseriformes,Anatidae,Anser,Anser cygnoides,1,44,212,1108,2986,2498016,2498034
15247308491549110758,Animalia,Chordata,Mammalia,Erinaceomorpha,Erinaceidae,Erinaceus,Erinaceus amurensis,1,44,359,829,5722,8216553,5219617
4036119586194743208,Animalia,Chordata,Aves,Anseriformes,Anatidae,Tadorna,Tadorna tadornoides,1,44,212,1108,2986,7485221,2498007
15507906953621664806,Animalia,Chordata,Aves,Anseriformes,Anatidae,Anas,Anas gracilis,1,44,212,1108,2986,2498056,2498095
1601783748119364001,Animalia,Chordata,Aves,Charadriiformes,Scolopacidae,Calidris,Calidris acuminata,1,44,212,7192402,5282,2481739,2481769
16201676680496830935,Animalia,Chordata,Mammalia,Rodentia,Caviidae,Cavia,Cavia porcellus,1,44,359,1459,9432,2437628,5219702
12278635173338523711,Animalia,Chordata,Mammalia,Chiroptera,Vespertilionidae,Tylonycteris,Tylonycteris robustula,1,44,359,734,9368,2432342,2432344
11607366800185415716,Animalia,Chordata,Mammalia,Chiroptera,Vespertilionidae,Myotis,Myotis velifer,1,44,359,734,9368,2432384,2432386
12607109935956965838,Animalia,Chordata,Mammalia,Chiroptera,Molossidae,Tadarida,Tadarida brasiliensis,1,44,359,734,5719,2433008,2433011
716085535900548895,Animalia,Chordata,Mammalia,Chiroptera,Phyllostomidae,Carollia,Carollia sowelli,1,44,359,734,9366,2433174,4265408
2557815270503409887,Animalia,Chordata,Mammalia,Chiroptera,Phyllostomidae,Artibeus,Artibeus jamaicensis,1,44,359,734,9366,2433258,2433272
13732958471515852009,Animalia,Chordata,Mammalia,Chiroptera,Phyllostomidae,Dermanura,Dermanura phaeotis,1,44,359,734,9366,4832187,8263789
9336071754192869573,Animalia,Chordata,Mammalia,Chiroptera,Phyllostomidae,Carollia,Carollia perspicillata,1,44,359,734,9366,2433174,2433176
1618620363132765578,Animalia,Chordata,Mammalia,Chiroptera,Molossidae,Nyctinomops,Nyctinomops laticaudatus,1,44,359,734,5719,2433060,2433063
303142752171778547,Animalia,Chordata,Mammalia,Chiroptera,Phyllostomidae,Lonchorhina,Lonchorhina aurita,1,44,359,734,9366,2433212,2433215
17528698161007311244,Animalia,Chordata,Mammalia,Chiroptera,Vespertilionidae,Eptesicus,,1,44,359,734,9368,2432345,
1271621079375899819,Animalia,Chordata,Aves,Charadriiformes,Scolopacidae,Arenaria,Arenaria interpres,1,44,212,7192402,5282,2481774,2481776
16303184715724779458,Animalia,Chordata,Aves,Charadriiformes,Scolopacidae,Calidris,Calidris ruficollis,1,44,212,7192402,5282,2481739,2481746
13598110767556173598,Animalia,Chordata,Aves,Anseriformes,Anatidae,Tadorna,Tadorna radjah,1,44,212,1108,2986,7485221,2498012
9917671087145991867,Animalia,Chordata,Aves,Pelecaniformes,Ardeidae,Egretta,Egretta picata,1,44,212,7190953,3685,2480872,6066403
10879721686927665366,Animalia,Chordata,Aves,Anseriformes,Anatidae,Anas,Anas superciliosa,1,44,212,1108,2986,2498056,2498084
8089320096472294089,Animalia,Chordata,Aves,Anseriformes,Anatidae,Anas,Anas gracilis,1,44,212,1108,2986,2498056,2498095
3360909354958833904,Animalia,Chordata,Aves,Charadriiformes,Scolopacidae,Calidris,Calidris ferruginea,1,44,212,7192402,5282,2481739,2481741
3386124126903344317,Animalia,Chordata,Aves,Suliformes,Phalacrocoracidae,Phalacrocorax,Phalacrocorax brasilianus,1,44,212,7192775,5268,2481854,9399113
8957225427447994856,Animalia,Chordata,Aves,Charadriiformes,Laridae,Chroicocephalus,Chroicocephalus ridibundus,1,44,212,7192402,9316,4848452,6065824
6631004975312126036,Animalia,Chordata,Aves,Charadriiformes,Laridae,Larus,Larus fuscus,1,44,212,7192402,9316,2481126,2481174
17867696230764020153,Animalia,Chordata,Aves,Anseriformes,Anatidae,Cygnus,Cygnus cygnus,1,44,212,1108,2986,2498334,2498347
15363218598184272009,Animalia,Chordata,Aves,Charadriiformes,Laridae,Larus,Larus argentatus,1,44,212,7192402,9316,2481126,2481139
8066697151361892877,Animalia,Chordata,Aves,Anseriformes,Anatidae,Clangula,Clangula hyemalis,1,44,212,1108,2986,2498272,2498273
7267516327984824856,Animalia,Chordata,Aves,Columbiformes,Columbidae,Columba,,1,44,212,1446,5233,2495404,
16277082245718900326,Animalia,Chordata,Mammalia,Chiroptera,Hipposideridae,Hipposideros,Hipposideros vittatus,1,44,359,734,3239753,5218553,5706879
7974159632350754868,Animalia,Chordata,Mammalia,Artiodactyla,Bovidae,Bos,Bos taurus,1,44,359,731,9614,2441017,2441022
10578931443400853972,Animalia,Chordata,Aves,Galliformes,Phasianidae,Phasianus,Phasianus colchicus,1,44,212,723,9331,2473738,9752149
10512509511194935660,Animalia,Chordata,Mammalia,Chiroptera,Vespertilionidae,Myotis,Myotis riparius,1,44,359,734,9368,2432384,2432385
16991339182645006294,Animalia,Chordata,Mammalia,Chiroptera,Vespertilionidae,Myotis,Myotis nigricans,1,44,359,734,9368,2432384,2432448
18391485983021173263,Animalia,Chordata,Mammalia,Chiroptera,Molossidae,Molossus,Molossus rufus,1,44,359,734,5719,2433042,5707248
10326569748395265834,Animalia,Chordata,Mammalia,Chiroptera,Molossidae,Eumops,Eumops glaucinus,1,44,359,734,5719,2432988,2432991
13088122211727911527,Animalia,Chordata,Mammalia,Chiroptera,Vespertilionidae,Myotis,Myotis dasycneme,1,44,359,734,9368,2432384,2432452
2551512841585446165,Animalia,Chordata,Mammalia,Chiroptera,Vespertilionidae,Myotis,Myotis daubentonii,1,44,359,734,9368,2432384,2432439
4805511464610069155,Animalia,Chordata,Mammalia,Chiroptera,Vespertilionidae,Nyctalus,Nyctalus noctula,1,44,359,734,9368,5218521,5218524
14557445178344341124,Animalia,Chordata,Aves,Anseriformes,Anatidae,Aythya,Aythya marila,1,44,212,1108,2986,2498254,2498265
16991315326127049092,Animalia,Chordata,Mammalia,Chiroptera,Pteropodidae,Pteropus,Pteropus rufus,1,44,359,734,9367,2432854,7697909
9517816285573045089,Animalia,Chordata,Mammalia,Chiroptera,Pteropodidae,Eidolon,Eidolon dupreanum,1,44,359,734,9367,2432849,2432850
125851262771309031,Animalia,Chordata,Aves,Anseriformes,Anatidae,Anas,Anas poecilorhyncha,1,44,212,1108,2986,2498056,9450106
3178624982286533535,Animalia,Chordata,Aves,Anseriformes,Anatidae,Anas,Anas strepera,1,44,212,1108,2986,2498056,2498151
905330172056782222,Animalia,Chordata,Mammalia,Chiroptera,Rhinolophidae,Rhinolophus,Rhinolophus cornutus,1,44,359,734,5449,2432611,2432627
14318118034467467093,Animalia,Chordata,Mammalia,Chiroptera,Mormoopidae,Pteronotus,Pteronotus davyi,1,44,359,734,9616,2432761,5218622
11484193051725838772,Animalia,Chordata,Mammalia,Chiroptera,Vespertilionidae,Myotis,Myotis nattereri,1,44,359,734,9368,2432384,2432389
4898169299274642182,Animalia,Chordata,Aves,Gruiformes,Rallidae,Porphyrio,Porphyrio martinica,1,44,212,1493,9342,3242186,5228136
17432150799520770872,Animalia,Chordata,Aves,Galliformes,Cracidae,Penelope,Penelope superciliaris,1,44,212,723,5237,2482191,2482204
14752749451005487859,Animalia,Chordata,Aves,Galliformes,Phasianidae,Pavo,Pavo cristatus,1,44,212,723,9331,2473598,9451184
4628616142823039024,Animalia,Chordata,Aves,Sphenisciformes,Spheniscidae,Aptenodytes,Aptenodytes patagonicus,1,44,212,7190978,5284,2481659,2481660
535855911737221896,Animalia,Chordata,Aves,Pelecaniformes,Ardeidae,Agamia,Agamia agami,1,44,212,7190953,3685,2480835,2480836
546996136998713747,Animalia,Chordata,Mammalia,Chiroptera,Vespertilionidae,Scotophilus,Scotophilus kuhlii,1,44,359,734,9368,2432565,5218528
1947743790930748608,Animalia,Chordata,Aves,Columbiformes,Columbidae,Columba,Columba livia,1,44,212,1446,5233,2495404,2495414
16741197632678332695,Animalia,Chordata,Mammalia,Carnivora,Viverridae,Paguma,Paguma larvata,1,44,359,732,5312,2434653,2434654
17731133772685100653,Animalia,Chordata,Mammalia,Chiroptera,Rhinolophidae,Rhinolophus,Rhinolophus blasii,1,44,359,734,5449,2432611,2432666
7754983691861108297,Animalia,Chordata,Mammalia,Chiroptera,Rhinolophidae,Rhinolophus,Rhinolophus ferrumequinum,1,44,359,734,5449,2432611,2432655
17967656714436939518,Animalia,Chordata,Mammalia,Rodentia,Muridae,Rattus,Rattus norvegicus,1,44,359,1459,5510,2439223,2439261
15245116736582640335,Animalia,Chordata,Mammalia,Chiroptera,Vespertilionidae,Hypsugo,Hypsugo pulveratus,1,44,359,734,9368,4266275,4266285
15388647869142098136,Animalia,Chordata,Mammalia,Rodentia,Muridae,Mus,Mus musculus,1,44,359,1459,5510,9800657,7429082
4374900141778782511,Animalia,Chordata,Mammalia,Rodentia,Muridae,Rattus,Rattus argentiventer,1,44,359,1459,5510,2439223,2439275
11606423321603792902,Animalia,Chordata,Mammalia,Chiroptera,Vespertilionidae,Myotis,Myotis siligorensis,1,44,359,734,9368,2432384,2432449
5729552567995493838,Animalia,Chordata,Mammalia,Chiroptera,Vespertilionidae,Pipistrellus,Pipistrellus hesperidus,1,44,359,734,9368,2432218,7261836
10843601274786771166,Animalia,Chordata,Aves,Galliformes,,,,1,44,212,723,,,
162327003369608870,Animalia,Chordata,Aves,Columbiformes,Columbidae,,,1,44,212,1446,5233,,
14097064264125626451,Animalia,Chordata,Aves,Otidiformes,Otididae,Chlamydotis,,1,44,212,8708973,9610,2474862,
12731821191367922753,Animalia,Chordata,Aves,Falconiformes,Falconidae,Falco,,1,44,212,7191407,5240,2480996,
10956032534539430315,Animalia,Chordata,Mammalia,Chiroptera,Vespertilionidae,Nyctalus,Nyctalus plancyi,1,44,359,734,9368,5218521,7261805
9239528456940146239,Animalia,Chordata,Mammalia,Chiroptera,Vespertilionidae,Myotis,,1,44,359,734,9368,2432384,
9010137424799484563,Animalia,Chordata,Mammalia,Artiodactyla,Suidae,Sus,Sus scrofa,1,44,359,731,5302,2441213,7705930
13408364016934189807,Animalia,Chordata,Mammalia,Chiroptera,Molossidae,Chaerephon,Chaerephon pumilus,1,44,359,734,5719,2433028,5707216
13552664354443203734,Animalia,Chordata,Mammalia,Chiroptera,Megadermatidae,Cardioderma,Cardioderma cor,1,44,359,734,5718,2433355,2433356
10778991000446085041,Animalia,Chordata,Mammalia,Rodentia,Chinchillidae,Chinchilla,Chinchilla lanigera,1,44,359,1459,5494,2439828,5219944
6046449742065152061,Animalia,Chordata,Mammalia,Soricomorpha,Soricidae,Sorex,Sorex araneus,1,44,359,803,5534,2435935,8316400
11338871931213529043,Animalia,Chordata,Mammalia,Rodentia,Muridae,Meriones,Meriones meridianus,1,44,359,1459,5510,2437686,5219713
8582627344855306328,Animalia,Chordata,Mammalia,Rodentia,Muridae,Bandicota,Bandicota indica,1,44,359,1459,5510,2437726,2437729
9972000438072185091,Animalia,Chordata,Mammalia,Rodentia,Muridae,Niviventer,Niviventer niviventer,1,44,359,1459,5510,2439046,2439056
2686848864006071216,Animalia,Chordata,Mammalia,Rodentia,Muridae,Apodemus,Apodemus peninsulae,1,44,359,1459,5510,2437754,5219734
15260415913193126014,Animalia,Chordata,Mammalia,Rodentia,Cricetidae,Myodes,Myodes rufocanus,1,44,359,1459,3240723,2438724,5706769
7776829095865009334,Animalia,Chordata,Mammalia,Rodentia,Dipodidae,Allactaga,Allactaga sibirica,1,44,359,1459,9435,2439481,2439490
4481527029828101593,Animalia,Chordata,Reptilia,Squamata,Scincidae,Tropidophorus,Tropidophorus sinicus,1,44,358,715,9115,2461780,5225224
2486526872060380180,Animalia,Chordata,Mammalia,Artiodactyla,Suidae,Sus,Sus scrofa,1,44,359,731,5302,2441213,7705930
7613926662680023770,Animalia,Chordata,Mammalia,Chiroptera,Vespertilionidae,Vespertilio,Vespertilio sinensis,1,44,359,734,9368,2432562,7261801
10952181100612853592,Animalia,Chordata,Mammalia,Rodentia,Cricetidae,Microtus,Microtus agrestis,1,44,359,1459,3240723,2438591,2438616
9431278883208643706,Animalia,Chordata,Aves,Galliformes,Phasianidae,Gallus,,1,44,212,723,9331,2473720,
8133262652477586253,Animalia,Chordata,Mammalia,Rodentia,Cricetidae,Myodes,Myodes glareolus,1,44,359,1459,3240723,2438724,5706764
4075900120115822772,Animalia,Chordata,Aves,Charadriiformes,Laridae,Rynchops,Rynchops niger,1,44,212,7192402,9316,2481206,2481209
7016439296484214071,Animalia,Chordata,Mammalia,Chiroptera,Vespertilionidae,Ia,Ia io,1,44,359,734,9368,2432576,2432577
3167002266007954558,Animalia,Chordata,Mammalia,Chiroptera,Nycteridae,Nycteris,Nycteris thebaica,1,44,359,734,5448,2432739,5218614
4899015900178250662,Animalia,Chordata,Mammalia,Chiroptera,Miniopteridae,Miniopterus,Miniopterus mossambicus,1,44,359,734,7456382,2432501,7930627
639336996873141094,Animalia,Chordata,Mammalia,Chiroptera,Hipposideridae,Triaenops,Triaenops menamena,1,44,359,734,3239753,2432680,7540870
5638339072929332697,Animalia,Chordata,Mammalia,Chiroptera,Pteropodidae,Rousettus,Rousettus madagascariensis,1,44,359,734,9367,2432946,2432950
12804938110857660511,Animalia,Chordata,Mammalia,Chiroptera,Rhinolophidae,Rhinolophus,Rhinolophus landeri,1,44,359,734,5449,2432611,2432628
4380621369235233141,Animalia,Chordata,Mammalia,Chiroptera,Molossidae,Mormopterus,Mormopterus jugularis,1,44,359,734,5719,2433048,2433059
2810646236682673139,Animalia,Chordata,Mammalia,Chiroptera,Molossidae,Mormopterus,,1,44,359,734,5719,2433048,
6132534452914189130,Animalia,Chordata,Mammalia,Chiroptera,Molossidae,Mops,Mops midas,1,44,359,734,5719,2433065,2433076
11898680184852388949,Animalia,Chordata,Mammalia,Chiroptera,Molossidae,Chaerephon,Chaerephon pusillus,1,44,359,734,5719,2433028,5787333
5089438316639138622,Animalia,Chordata,Mammalia,Chiroptera,Vespertilionidae,Pipistrellus,,1,44,359,734,9368,2432218,
3635656625341269272,Animalia,Chordata,Mammalia,Chiroptera,Vespertilionidae,Myotis,Myotis horsfieldii,1,44,359,734,9368,2432384,2432388
16492035887106536491,Animalia,Chordata,Mammalia,Chiroptera,Pteropodidae,Pteropus,Pteropus lylei,1,44,359,734,9367,2432854,5218678
14812916499801762690,Animalia,Chordata,Mammalia,Chiroptera,Vespertilionidae,Plecotus,Plecotus auritus,1,44,359,734,9368,5428957,5218507
4671658469228576378,Animalia,Chordata,Mammalia,Chiroptera,Vespertilionidae,Myotis,Myotis oxygnathus,1,44,359,734,9368,2432384,4266394
16479220497085609431,Animalia,Chordata,Mammalia,Chiroptera,Molossidae,Molossus,Molossus molossus,1,44,359,734,5719,2433042,5218725
1356522965665809661,Animalia,Chordata,Mammalia,Chiroptera,Vespertilionidae,Eptesicus,Eptesicus serotinus,1,44,359,734,9368,2432345,2432359
6816436009158413650,Animalia,Chordata,Mammalia,Chiroptera,Vespertilionidae,Vespertilio,Vespertilio sinensis,1,44,359,734,9368,2432562,7261801
2195584401793030623,Animalia,Chordata,Mammalia,Chiroptera,Vespertilionidae,Kerivoula,Kerivoula titania,1,44,359,734,9368,2432534,5787669
9934555676660844507,Animalia,Chordata,Mammalia,Chiroptera,Phyllostomidae,Desmodus,Desmodus rotundus,1,44,359,734,9366,2433297,2433298
17886161970998606321,Animalia,Chordata,Aves,Psittaciformes,Psittacidae,Amazona,Amazona viridigenalis,1,44,212,1445,9340,2479603,2479665
15819713396950762797,Animalia,Chordata,Mammalia,Chiroptera,Vespertilionidae,Eptesicus,Eptesicus fuscus,1,44,359,734,9368,2432345,2432352
4524971980724783865,Animalia,Chordata,Mammalia,Chiroptera,Rhinolophidae,Rhinolophus,Rhinolophus landeri,1,44,359,734,5449,2432611,2432628
5650282655270047488,Animalia,Chordata,Mammalia,Chiroptera,Pteropodidae,Epomophorus,Epomophorus labiatus,1,44,359,734,9367,2432785,2432791
1644877520743456031,Animalia,Chordata,Mammalia,Chiroptera,Vespertilionidae,Nyctalus,Nyctalus leisleri,1,44,359,734,9368,5218521,5218522
12270134675514404817,Animalia,Chordata,Mammalia,Chiroptera,Rhinolophidae,Rhinolophus,Rhinolophus mehelyi,1,44,359,734,5449,2432611,2432667
677696147077720970,Animalia,Chordata,Mammalia,Chiroptera,Megadermatidae,Megaderma,Megaderma lyra,1,44,359,734,5718,2433350,2433351
18069652493259832593,Animalia,Chordata,Mammalia,Chiroptera,Emballonuridae,Taphozous,Taphozous melanopogon,1,44,359,734,9615,2433105,5218745
14545902480373990782,Animalia,Chordata,Mammalia,Chiroptera,Vespertilionidae,Scotophilus,Scotophilus heathii,1,44,359,734,9368,2432565,5707090
18263269250052217028,Animalia,Chordata,Mammalia,Chiroptera,Rhinolophidae,Rhinolophus,Rhinolophus hipposideros,1,44,359,734,5449,2432611,2432614
14372149210274553199,Animalia,Chordata,Mammalia,Artiodactyla,Bovidae,Sylvicapra,Sylvicapra grimmia,1,44,359,731,9614,2441186,2441187
9832355892522091056,Animalia,Chordata,Mammalia,Chiroptera,Vespertilionidae,Myotis,Myotis petax,1,44,359,734,9368,2432384,8149385
6749173345655979126,Animalia,Chordata,Mammalia,Chiroptera,Vespertilionidae,Hypsugo,Hypsugo alaschanicus,1,44,359,734,9368,4266275,4266280
11730282846569308701,Animalia,Chordata,Mammalia,Chiroptera,Phyllostomidae,Phyllostomus,Phyllostomus discolor,1,44,359,734,9366,2433278,2433280
4120573880957191572,Animalia,Chordata,Mammalia,Chiroptera,Vespertilionidae,Eptesicus,Eptesicus japonensis,1,44,359,734,9368,2432345,4265974
13418443167888117259,Animalia,Chordata,Mammalia,Chiroptera,Vespertilionidae,Myotis,Myotis ikonnikovi,1,44,359,734,9368,2432384,2432431
10074040217858538065,Animalia,Chordata,Mammalia,Chiroptera,Vespertilionidae,Myotis,Myotis macrodactylus,1,44,359,734,9368,2432384,2432453
1505212991530649902,Animalia,Chordata,Aves,Charadriiformes,Laridae,Larus,Larus marinus,1,44,212,7192402,9316,2481126,2481172
3638248748654931814,Animalia,Chordata,Aves,Charadriiformes,Laridae,Larus,Larus smithsonianus,1,44,212,7192402,9316,2481126,4848480
10843874986016039409,Animalia,Chordata,Mammalia,Chiroptera,Pteropodidae,Micropteropus,Micropteropus pusillus,1,44,359,734,9367,2432977,2432978
11824822195414284668,Animalia,Chordata,Mammalia,Chiroptera,Pteropodidae,Epomophorus,,1,44,359,734,9367,2432785,
3484970471624488112,Animalia,Chordata,Mammalia,Chiroptera,Vespertilionidae,Scotoecus,,1,44,359,734,9368,2432333,
8045066902637931840,Animalia,Chordata,Mammalia,Chiroptera,Pteropodidae,Epomophorus,Epomophorus gambianus,1,44,359,734,9367,2432785,2432790
4845279543896582754,Animalia,Chordata,Mammalia,Chiroptera,Vespertilionidae,Pipistrellus,Pipistrellus inexspectatus,1,44,359,734,9368,2432218,5218496
17659395807796289223,Animalia,Chordata,Mammalia,Rodentia,Muridae,Rattus,Rattus tanezumi,1,44,359,1459,5510,2439223,2439262
12856456540050171218,Animalia,Chordata,Mammalia,Rodentia,Muridae,Rattus,Rattus nitidus,1,44,359,1459,5510,2439223,2439234
2258702421331978527,Animalia,Chordata,Mammalia,Rodentia,Muridae,Apodemus,Apodemus draco,1,44,359,1459,5510,2437754,5219737
3770204586651430180,Animalia,Chordata,Mammalia,Rodentia,Muridae,Niviventer,Niviventer eha,1,44,359,1459,5510,2439046,2439049
14995926421773144118,Animalia,Chordata,Mammalia,Rodentia,Cricetidae,Lasiopodomys,,1,44,359,1459,3240723,2438401,
4565433905416418973,Animalia,Chordata,Mammalia,Rodentia,Muridae,Apodemus,Apodemus sylvaticus,1,44,359,1459,5510,2437754,2437760
3797093180629380283,Animalia,Chordata,Mammalia,Rodentia,Muridae,Rattus,Rattus rattus,1,44,359,1459,5510,2439223,2439270
8991214574235993830,Animalia,Chordata,Mammalia,Rodentia,Cricetidae,Myodes,Myodes rutilus,1,44,359,1459,3240723,2438724,5706762
11219763096428118886,Animalia,Chordata,Mammalia,Rodentia,Muridae,Mus,Mus caroli,1,44,359,1459,5510,9800657,2438800
1207075341090477436,Animalia,Chordata,Mammalia,Chiroptera,Molossidae,Chaerephon,Chaerephon leucogaster,1,44,359,734,5719,2433028,5707228
15424601439785530436,Animalia,Chordata,Mammalia,Chiroptera,Molossidae,Otomops,Otomops martiensseni,1,44,359,734,5719,2433017,2433022
5175138011352206208,Animalia,Chordata,Mammalia,Chiroptera,Miniopteridae,Miniopterus,Miniopterus minor,1,44,359,734,7456382,2432501,2432510
15462289327688056295,Animalia,Chordata,Mammalia,Rodentia,Cricetidae,Eothenomys,Eothenomys miletus,1,44,359,1459,3240723,2438888,4265026
16079714707706604270,Animalia,Chordata,Mammalia,Rodentia,Muridae,Apodemus,Apodemus draco,1,44,359,1459,5510,2437754,5219737
596539666397550951,Animalia,Chordata,Mammalia,Chiroptera,Vespertilionidae,Myotis,Myotis emarginatus,1,44,359,734,9368,2432384,2432470
6180050281558106270,Animalia,Chordata,Mammalia,Chiroptera,Vespertilionidae,Myotis,Myotis fimbriatus,1,44,359,734,9368,2432384,4266430
3815959194917909884,Animalia,Chordata,Mammalia,Chiroptera,Vespertilionidae,Myotis,Myotis pequinius,1,44,359,734,9368,2432384,2432454
14295149969754010289,Animalia,Chordata,Mammalia,Lagomorpha,Leporidae,Lepus,Lepus granatensis,1,44,359,785,9379,2436691,2436790
7607657130468098822,Animalia,Chordata,Mammalia,Rodentia,Muridae,Rattus,Rattus andamanensis,1,44,359,1459,5510,2439223,4264920
3799752876185242806,Animalia,Chordata,Mammalia,Rodentia,Cricetidae,Microtus,Microtus arvalis,1,44,359,1459,3240723,2438591,2438606
3071376991190430925,Animalia,Chordata,Mammalia,Rodentia,Muridae,Apodemus,Apodemus flavicollis,1,44,359,1459,5510,2437754,2437756
1422368347758070896,Animalia,Chordata,Mammalia,Rodentia,Muridae,Mus,Mus musculus,1,44,359,1459,5510,9800657,7429082
12706752342808278985,Animalia,Chordata,Mammalia,Rodentia,Muridae,Rhabdomys,Rhabdomys pumilio,1,44,359,1459,5510,2438735,2438736
1152184552740676105,Animalia,Chordata,Mammalia,Rodentia,Heteromyidae,Liomys,,1,44,359,1459,5504,2439503,
17248888493173595599,Animalia,Chordata,Mammalia,Rodentia,Cricetidae,Sigmodon,,1,44,359,1459,3240723,2438146,
12687023393029154374,Animalia,Arthropoda,Insecta,Diptera,Culicidae,Culex,Culex nebulosus,1,54,216,811,3346,1497010,1653279
4284753979784076201,Animalia,Chordata,Mammalia,Chiroptera,Miniopteridae,Miniopterus,Miniopterus africanus,1,44,359,734,7456382,2432501,4266204
18136232480520323100,Animalia,Chordata,Mammalia,Chiroptera,Pteropodidae,Megaerops,Megaerops kusnotoi,1,44,359,734,9367,2432916,2432918
16932979074192333670,Animalia,Chordata,Mammalia,Chiroptera,Hipposideridae,Hipposideros,Hipposideros cineraceus,1,44,359,734,3239753,5218553,5218587
8176151882658276947,Animalia,Chordata,Mammalia,Chiroptera,Miniopteridae,Miniopterus,Miniopterus fuscus,1,44,359,734,7456382,2432501,2432511
3804565593618621665,Animalia,Chordata,Mammalia,Primates,Cercopithecidae,Macaca,Macaca mulatta,1,44,359,798,9622,2436602,2436604
3250384586476947711,Animalia,Chordata,Mammalia,Chiroptera,Vespertilionidae,Myotis,Myotis bechsteinii,1,44,359,734,9368,2432384,2432427
7702040540837927737,Animalia,Chordata,Aves,Charadriiformes,Haematopodidae,Haematopus,Haematopus ostralegus,1,44,212,7192402,4287243,2480260,7788295
15981356578599382502,Animalia,Chordata,Mammalia,Chiroptera,Molossidae,Molossus,Molossus currentium,1,44,359,734,5719,2433042,5707239
17760528708262683927,Animalia,Chordata,Mammalia,Chiroptera,Phyllostomidae,Carollia,Carollia brevicauda,1,44,359,734,9366,2433174,2433177
13365226559065138197,Animalia,Chordata,Mammalia,Chiroptera,Phyllostomidae,Anoura,Anoura geoffroyi,1,44,359,734,9366,5963037,5963041
9489969041795078046,Animalia,Chordata,Mammalia,Chiroptera,Nycteridae,Nycteris,,1,44,359,734,5448,2432739,
11163399407394860591,Animalia,Chordata,Aves,Charadriiformes,Haematopodidae,Haematopus,Haematopus ostralegus,1,44,212,7192402,4287243,2480260,7788295
12775661790775636492,Animalia,Chordata,Aves,Charadriiformes,Scolopacidae,Calidris,Calidris canutus,1,44,212,7192402,5282,2481739,2481765
6211749643662885675,Animalia,Chordata,Mammalia,Carnivora,Hyaenidae,Crocuta,Crocuta crocuta,1,44,359,732,5306,2433504,5218781
4132409632687058796,Animalia,Chordata,Aves,Anseriformes,Anatidae,Anas,Anas superciliosa,1,44,212,1108,2986,2498056,2498084
13058547352763017922,Animalia,Chordata,Mammalia,Rodentia,Muridae,Apodemus,,1,44,359,1459,5510,2437754,
6405070806846563606,Animalia,Chordata,Aves,Galliformes,Phasianidae,Gallus,Gallus gallus,1,44,212,723,9331,2473720,9326020
9977488680807910204,Animalia,Chordata,Aves,Galliformes,Phasianidae,Gallus,Gallus gallus,1,44,212,723,9331,2473720,9326020
17809616218930034688,Animalia,Chordata,Mammalia,Chiroptera,Molossidae,Cynomops,Cynomops abrasus,1,44,359,734,5719,4266503,7261913
11788451094774229147,Animalia,Chordata,Mammalia,Chiroptera,Molossidae,Cynomops,Cynomops planirostris,1,44,359,734,5719,4266503,4266507
8422504787655951328,Animalia,Chordata,Mammalia,Chiroptera,Vespertilionidae,Perimyotis,Perimyotis subflavus,1,44,359,734,9368,4831832,7665644
10802219571204443440,Animalia,Chordata,Aves,Sphenisciformes,Spheniscidae,Spheniscus,Spheniscus magellanicus,1,44,212,7190978,5284,2481654,5229385
9970146869597582168,Animalia,Chordata,Mammalia,Artiodactyla,Camelidae,Vicugna,Vicugna pacos,1,44,359,731,5716,7673372,7515593
9210737430782094717,Animalia,Chordata,Mammalia,Carnivora,Canidae,Canis,Canis mesomelas,1,44,359,732,9701,5219142,5219216
17210136279409982416,Animalia,Chordata,Mammalia,Chiroptera,Molossidae,Mormopterus,,1,44,359,734,5719,2433048,
16795584344971258928,Animalia,Chordata,Mammalia,Chiroptera,Vespertilionidae,Chalinolobus,Chalinolobus gouldii,1,44,359,734,9368,2432282,2432284
11306757730020212124,Animalia,Chordata,Mammalia,Chiroptera,Vespertilionidae,Falsistrellus,Falsistrellus mackenziei,1,44,359,734,9368,4266077,4266082
392684136081910892,Animalia,Chordata,Mammalia,Chiroptera,Vespertilionidae,Vespadelus,Vespadelus regulus,1,44,359,734,9368,4266260,4266267
5087998869656402190,Animalia,Chordata,Mammalia,Chiroptera,Vespertilionidae,Vespadelus,Vespadelus baverstocki,1,44,359,734,9368,4266260,4266269
2594719635364234519,Animalia,Chordata,Mammalia,Chiroptera,Vespertilionidae,Chalinolobus,Chalinolobus morio,1,44,359,734,9368,2432282,2432295
12956035459543877394,Animalia,Chordata,Mammalia,Chiroptera,Vespertilionidae,Myotis,Myotis brandtii,1,44,359,734,9368,2432384,7261875
1131640054692818897,Animalia,Chordata,Mammalia,Chiroptera,Vespertilionidae,Eptesicus,Eptesicus nilssonii,1,44,359,734,9368,2432345,7261816
2254376546756061411,Animalia,Chordata,Mammalia,Chiroptera,Rhinolophidae,Rhinolophus,Rhinolophus capensis,1,44,359,734,5449,2432611,2432633
5234735818977944435,Animalia,Chordata,Mammalia,Chiroptera,Vespertilionidae,Neoromicia,Neoromicia nana,1,44,359,734,9368,4265901,8390341
2015887537598143057,Animalia,Chordata,Mammalia,Chiroptera,Rhinolophidae,Rhinolophus,Rhinolophus simulator,1,44,359,734,5449,2432611,2432657
740122534346670436,Animalia,Chordata,Mammalia,Chiroptera,Phyllostomidae,Artibeus,Artibeus planirostris,1,44,359,734,9366,2433258,2433271
2749954433739423992,Animalia,Chordata,Mammalia,Chiroptera,Vespertilionidae,Myotis,Myotis punicus,1,44,359,734,9368,2432384,4266337
16794015709165029779,Animalia,Chordata,Mammalia,Chiroptera,Vespertilionidae,Eptesicus,Eptesicus serotinus,1,44,359,734,9368,2432345,2432359
3812933357304701008,Animalia,Chordata,Mammalia,Chiroptera,Vespertilionidae,Myotis,Myotis capaccinii,1,44,359,734,9368,2432384,2432430
11535231178701686226,Animalia,Chordata,Aves,Galliformes,Phasianidae,Coturnix,Coturnix coturnix,1,44,212,723,9331,2474126,2474156
16405803271971301272,Animalia,Chordata,Mammalia,Chiroptera,Vespertilionidae,Myotis,Myotis volans,1,44,359,734,9368,2432384,2432411
15188975712649624671,Animalia,Chordata,Mammalia,Chiroptera,Rhinolophidae,Rhinolophus,Rhinolophus stheno,1,44,359,734,5449,2432611,2432636
8937956563977525883,Animalia,Chordata,Aves,Psittaciformes,Psittacidae,Ara,Ara ararauna,1,44,212,1445,9340,1686160,5959231
2672756435907561069,Animalia,Chordata,Mammalia,Chiroptera,Vespertilionidae,Myotis,Myotis blythii,1,44,359,734,9368,2432384,2432414
9272003663561984152,Animalia,Chordata,Mammalia,Chiroptera,Vespertilionidae,Nyctalus,Nyctalus lasiopterus,1,44,359,734,9368,5218521,5218525
10196220630487766538,Animalia,Chordata,Aves,Anseriformes,Anatidae,Cygnus,Cygnus cygnus,1,44,212,1108,2986,2498334,2498347
6155906855568761829,Animalia,Chordata,Aves,Galliformes,Phasianidae,Coturnix,Coturnix japonica,1,44,212,723,9331,2474126,2474162
18202951360004474992,Animalia,Chordata,Reptilia,Squamata,Pythonidae,Morelia,Morelia viridis,1,44,358,715,4287591,2465049,5225681
15941628013039930857,Animalia,Chordata,Reptilia,Squamata,Colubridae,Euprepiophis,Euprepiophis mandarinus,1,44,358,715,6172,2457813,2458545
10343203493415977758,Animalia,Chordata,Reptilia,Testudines,Chelidae,Myuchelys,Myuchelys georgesi,1,44,358,793,9120,4819060,7009385
386110468979467167,Animalia,Chordata,Mammalia,Artiodactyla,Bovidae,Capra,Capra hircus,1,44,359,731,9614,2441047,2441056
9944573305432423116,Animalia,Chordata,Actinopterygii,Cypriniformes,Cyprinidae,Blicca,Blicca bjoerkna,1,44,204,1153,7336,2359470,2359471
14473774567079105010,Animalia,Chordata,Aves,Psittaciformes,Psittacidae,Brotogeris,Brotogeris tirica,1,44,212,1445,9340,2479561,2479562
16129909865552431940,Animalia,Chordata,Mammalia,Chiroptera,Vespertilionidae,Neoromicia,,1,44,359,734,9368,4265901,
